Name,Type
LICENSE,File
netlify.toml,File
README.md,File
theme.toml,File
archetypes,Folder
default.md,File

assets,Folder
css,Folder
style.css,File

js,Folder
script.js,File


style.css,File

script.js,File

exampleSite,Folder
.hugo_build.lock,File
config.toml,File
netlify.toml,File
content,Folder
about,Folder
_index.en.md,File
_index.fr.md,File

blog,Folder
are-you-doing-the-right-way.en.md,File
are-you-doing-the-right-way.fr.md,File
blog-photos-on-phone.en.md,File
blog-photos-on-phone.md,File
installation.md,File
something-i-need-to-tell-you.md,File
ten-things-about-business.md,File
the-nourish-box-august.md,File
this-show-has-divided.md,File
why-you-need-a-statement-bag-this-season.md,File
_index.en.md,File
_index.fr.md,File

contact,Folder
_index.en.md,File
_index.fr.md,File

portfolio,Folder
_index.en.md,File
_index.fr.md,File

service,Folder
_index.en.md,File
_index.fr.md,File


_index.en.md,File
_index.fr.md,File

are-you-doing-the-right-way.en.md,File
are-you-doing-the-right-way.fr.md,File
blog-photos-on-phone.en.md,File
blog-photos-on-phone.md,File
installation.md,File
something-i-need-to-tell-you.md,File
ten-things-about-business.md,File
the-nourish-box-august.md,File
this-show-has-divided.md,File
why-you-need-a-statement-bag-this-season.md,File
_index.en.md,File
_index.fr.md,File

_index.en.md,File
_index.fr.md,File

_index.en.md,File
_index.fr.md,File

_index.en.md,File
_index.fr.md,File

data,Folder
en,Folder
about.yml,File
clients.yml,File
feature.yml,File
philosophy.yml,File
portfolio.yml,File
pricing.yml,File
service.yml,File
team.yml,File
testimonial.yml,File
workingprocess.yml,File

fr,Folder
about.yml,File
clients.yml,File
feature.yml,File
philosophy.yml,File
portfolio.yml,File
pricing.yml,File
service.yml,File
team.yml,File
testimonial.yml,File
workingprocess.yml,File


about.yml,File
clients.yml,File
feature.yml,File
philosophy.yml,File
portfolio.yml,File
pricing.yml,File
service.yml,File
team.yml,File
testimonial.yml,File
workingprocess.yml,File

about.yml,File
clients.yml,File
feature.yml,File
philosophy.yml,File
portfolio.yml,File
pricing.yml,File
service.yml,File
team.yml,File
testimonial.yml,File
workingprocess.yml,File

i18n,Folder
en.toml,File
fr.toml,File

static,Folder
images,Folder
favicon.ico,File
favicon.png,File
logo.png,File
marker.png,File
pricing-bg.jpg,File
about,Folder
about-1.jpg,File
about-2.jpg,File
about-2.png,File
about-header.jpg,File
member.jpg,File

blog,Folder
post-1.jpg,File
post-2.jpg,File
post-3.jpg,File

call-to-action,Folder
call-to-action-bg-2.jpg,File
call-to-action-bg.jpg,File

client-logo,Folder
clients-1.jpg,File
clients-2.jpg,File
logo-2.png,File
logo-3.png,File
logo-4.png,File
logo-5.png,File
logo1.png,File

company,Folder
company-image-2.jpg,File
company-image-3.jpg,File
company-image.jpg,File

logos,Folder
lang-de.gif,File
lang-en.gif,File
lang-fr.gif,File
lang-nl.gif,File

portfolio,Folder
portfolio-1.jpg,File
portfolio-2.jpg,File
portfolio-3.jpg,File
portfolio-4.jpg,File
portfolio-5.jpg,File
portfolio-6.jpg,File
portfolio-7.jpg,File
portfolio-8.jpg,File

slider,Folder
video-player-thumb.jpg,File

team,Folder
member-1.jpg,File
member-2.jpg,File
member-3.jpg,File
member-4.jpg,File


about-1.jpg,File
about-2.jpg,File
about-2.png,File
about-header.jpg,File
member.jpg,File

post-1.jpg,File
post-2.jpg,File
post-3.jpg,File

call-to-action-bg-2.jpg,File
call-to-action-bg.jpg,File

clients-1.jpg,File
clients-2.jpg,File
logo-2.png,File
logo-3.png,File
logo-4.png,File
logo-5.png,File
logo1.png,File

company-image-2.jpg,File
company-image-3.jpg,File
company-image.jpg,File

lang-de.gif,File
lang-en.gif,File
lang-fr.gif,File
lang-nl.gif,File

portfolio-1.jpg,File
portfolio-2.jpg,File
portfolio-3.jpg,File
portfolio-4.jpg,File
portfolio-5.jpg,File
portfolio-6.jpg,File
portfolio-7.jpg,File
portfolio-8.jpg,File

video-player-thumb.jpg,File

member-1.jpg,File
member-2.jpg,File
member-3.jpg,File
member-4.jpg,File


favicon.ico,File
favicon.png,File
logo.png,File
marker.png,File
pricing-bg.jpg,File
about,Folder
about-1.jpg,File
about-2.jpg,File
about-2.png,File
about-header.jpg,File
member.jpg,File

blog,Folder
post-1.jpg,File
post-2.jpg,File
post-3.jpg,File

call-to-action,Folder
call-to-action-bg-2.jpg,File
call-to-action-bg.jpg,File

client-logo,Folder
clients-1.jpg,File
clients-2.jpg,File
logo-2.png,File
logo-3.png,File
logo-4.png,File
logo-5.png,File
logo1.png,File

company,Folder
company-image-2.jpg,File
company-image-3.jpg,File
company-image.jpg,File

logos,Folder
lang-de.gif,File
lang-en.gif,File
lang-fr.gif,File
lang-nl.gif,File

portfolio,Folder
portfolio-1.jpg,File
portfolio-2.jpg,File
portfolio-3.jpg,File
portfolio-4.jpg,File
portfolio-5.jpg,File
portfolio-6.jpg,File
portfolio-7.jpg,File
portfolio-8.jpg,File

slider,Folder
video-player-thumb.jpg,File

team,Folder
member-1.jpg,File
member-2.jpg,File
member-3.jpg,File
member-4.jpg,File


about-1.jpg,File
about-2.jpg,File
about-2.png,File
about-header.jpg,File
member.jpg,File

post-1.jpg,File
post-2.jpg,File
post-3.jpg,File

call-to-action-bg-2.jpg,File
call-to-action-bg.jpg,File

clients-1.jpg,File
clients-2.jpg,File
logo-2.png,File
logo-3.png,File
logo-4.png,File
logo-5.png,File
logo1.png,File

company-image-2.jpg,File
company-image-3.jpg,File
company-image.jpg,File

lang-de.gif,File
lang-en.gif,File
lang-fr.gif,File
lang-nl.gif,File

portfolio-1.jpg,File
portfolio-2.jpg,File
portfolio-3.jpg,File
portfolio-4.jpg,File
portfolio-5.jpg,File
portfolio-6.jpg,File
portfolio-7.jpg,File
portfolio-8.jpg,File

video-player-thumb.jpg,File

member-1.jpg,File
member-2.jpg,File
member-3.jpg,File
member-4.jpg,File


about,Folder
_index.en.md,File
_index.fr.md,File

blog,Folder
are-you-doing-the-right-way.en.md,File
are-you-doing-the-right-way.fr.md,File
blog-photos-on-phone.en.md,File
blog-photos-on-phone.md,File
installation.md,File
something-i-need-to-tell-you.md,File
ten-things-about-business.md,File
the-nourish-box-august.md,File
this-show-has-divided.md,File
why-you-need-a-statement-bag-this-season.md,File
_index.en.md,File
_index.fr.md,File

contact,Folder
_index.en.md,File
_index.fr.md,File

portfolio,Folder
_index.en.md,File
_index.fr.md,File

service,Folder
_index.en.md,File
_index.fr.md,File


_index.en.md,File
_index.fr.md,File

are-you-doing-the-right-way.en.md,File
are-you-doing-the-right-way.fr.md,File
blog-photos-on-phone.en.md,File
blog-photos-on-phone.md,File
installation.md,File
something-i-need-to-tell-you.md,File
ten-things-about-business.md,File
the-nourish-box-august.md,File
this-show-has-divided.md,File
why-you-need-a-statement-bag-this-season.md,File
_index.en.md,File
_index.fr.md,File

_index.en.md,File
_index.fr.md,File

_index.en.md,File
_index.fr.md,File

_index.en.md,File
_index.fr.md,File

en,Folder
about.yml,File
clients.yml,File
feature.yml,File
philosophy.yml,File
portfolio.yml,File
pricing.yml,File
service.yml,File
team.yml,File
testimonial.yml,File
workingprocess.yml,File

fr,Folder
about.yml,File
clients.yml,File
feature.yml,File
philosophy.yml,File
portfolio.yml,File
pricing.yml,File
service.yml,File
team.yml,File
testimonial.yml,File
workingprocess.yml,File


about.yml,File
clients.yml,File
feature.yml,File
philosophy.yml,File
portfolio.yml,File
pricing.yml,File
service.yml,File
team.yml,File
testimonial.yml,File
workingprocess.yml,File

about.yml,File
clients.yml,File
feature.yml,File
philosophy.yml,File
portfolio.yml,File
pricing.yml,File
service.yml,File
team.yml,File
testimonial.yml,File
workingprocess.yml,File

en.toml,File
fr.toml,File

images,Folder
favicon.ico,File
favicon.png,File
logo.png,File
marker.png,File
pricing-bg.jpg,File
about,Folder
about-1.jpg,File
about-2.jpg,File
about-2.png,File
about-header.jpg,File
member.jpg,File

blog,Folder
post-1.jpg,File
post-2.jpg,File
post-3.jpg,File

call-to-action,Folder
call-to-action-bg-2.jpg,File
call-to-action-bg.jpg,File

client-logo,Folder
clients-1.jpg,File
clients-2.jpg,File
logo-2.png,File
logo-3.png,File
logo-4.png,File
logo-5.png,File
logo1.png,File

company,Folder
company-image-2.jpg,File
company-image-3.jpg,File
company-image.jpg,File

logos,Folder
lang-de.gif,File
lang-en.gif,File
lang-fr.gif,File
lang-nl.gif,File

portfolio,Folder
portfolio-1.jpg,File
portfolio-2.jpg,File
portfolio-3.jpg,File
portfolio-4.jpg,File
portfolio-5.jpg,File
portfolio-6.jpg,File
portfolio-7.jpg,File
portfolio-8.jpg,File

slider,Folder
video-player-thumb.jpg,File

team,Folder
member-1.jpg,File
member-2.jpg,File
member-3.jpg,File
member-4.jpg,File


about-1.jpg,File
about-2.jpg,File
about-2.png,File
about-header.jpg,File
member.jpg,File

post-1.jpg,File
post-2.jpg,File
post-3.jpg,File

call-to-action-bg-2.jpg,File
call-to-action-bg.jpg,File

clients-1.jpg,File
clients-2.jpg,File
logo-2.png,File
logo-3.png,File
logo-4.png,File
logo-5.png,File
logo1.png,File

company-image-2.jpg,File
company-image-3.jpg,File
company-image.jpg,File

lang-de.gif,File
lang-en.gif,File
lang-fr.gif,File
lang-nl.gif,File

portfolio-1.jpg,File
portfolio-2.jpg,File
portfolio-3.jpg,File
portfolio-4.jpg,File
portfolio-5.jpg,File
portfolio-6.jpg,File
portfolio-7.jpg,File
portfolio-8.jpg,File

video-player-thumb.jpg,File

member-1.jpg,File
member-2.jpg,File
member-3.jpg,File
member-4.jpg,File


favicon.ico,File
favicon.png,File
logo.png,File
marker.png,File
pricing-bg.jpg,File
about,Folder
about-1.jpg,File
about-2.jpg,File
about-2.png,File
about-header.jpg,File
member.jpg,File

blog,Folder
post-1.jpg,File
post-2.jpg,File
post-3.jpg,File

call-to-action,Folder
call-to-action-bg-2.jpg,File
call-to-action-bg.jpg,File

client-logo,Folder
clients-1.jpg,File
clients-2.jpg,File
logo-2.png,File
logo-3.png,File
logo-4.png,File
logo-5.png,File
logo1.png,File

company,Folder
company-image-2.jpg,File
company-image-3.jpg,File
company-image.jpg,File

logos,Folder
lang-de.gif,File
lang-en.gif,File
lang-fr.gif,File
lang-nl.gif,File

portfolio,Folder
portfolio-1.jpg,File
portfolio-2.jpg,File
portfolio-3.jpg,File
portfolio-4.jpg,File
portfolio-5.jpg,File
portfolio-6.jpg,File
portfolio-7.jpg,File
portfolio-8.jpg,File

slider,Folder
video-player-thumb.jpg,File

team,Folder
member-1.jpg,File
member-2.jpg,File
member-3.jpg,File
member-4.jpg,File


about-1.jpg,File
about-2.jpg,File
about-2.png,File
about-header.jpg,File
member.jpg,File

post-1.jpg,File
post-2.jpg,File
post-3.jpg,File

call-to-action-bg-2.jpg,File
call-to-action-bg.jpg,File

clients-1.jpg,File
clients-2.jpg,File
logo-2.png,File
logo-3.png,File
logo-4.png,File
logo-5.png,File
logo1.png,File

company-image-2.jpg,File
company-image-3.jpg,File
company-image.jpg,File

lang-de.gif,File
lang-en.gif,File
lang-fr.gif,File
lang-nl.gif,File

portfolio-1.jpg,File
portfolio-2.jpg,File
portfolio-3.jpg,File
portfolio-4.jpg,File
portfolio-5.jpg,File
portfolio-6.jpg,File
portfolio-7.jpg,File
portfolio-8.jpg,File

video-player-thumb.jpg,File

member-1.jpg,File
member-2.jpg,File
member-3.jpg,File
member-4.jpg,File

images,Folder
screenshot.png,File
tn.png,File

layouts,Folder
404.html,File
index.html,File
about,Folder
list.html,File

contact,Folder
list.html,File

partials,Folder
about-sm.html,File
about.html,File
blog.html,File
clients.html,File
contact.html,File
cta.html,File
feature.html,File
flags.html,File
footer.html,File
head.html,File
header.html,File
hero.html,File
page-title.html,File
philosophy.html,File
portfolio.html,File
preloader.html,File
pricing.html,File
service.html,File
team.html,File
testimonial.html,File
workingprocess.html,File

portfolio,Folder
list.html,File

service,Folder
list.html,File

_default,Folder
baseof.html,File
list.html,File
single.html,File


list.html,File

list.html,File

about-sm.html,File
about.html,File
blog.html,File
clients.html,File
contact.html,File
cta.html,File
feature.html,File
flags.html,File
footer.html,File
head.html,File
header.html,File
hero.html,File
page-title.html,File
philosophy.html,File
portfolio.html,File
preloader.html,File
pricing.html,File
service.html,File
team.html,File
testimonial.html,File
workingprocess.html,File

list.html,File

list.html,File

baseof.html,File
list.html,File
single.html,File

static,Folder
plugins,Folder
bootstrap,Folder
dist,Folder
css,Folder
bootstrap.min.css,File

js,Folder
bootstrap.min.js,File
popper.min.js,File


bootstrap.min.css,File

bootstrap.min.js,File
popper.min.js,File


css,Folder
bootstrap.min.css,File

js,Folder
bootstrap.min.js,File
popper.min.js,File


bootstrap.min.css,File

bootstrap.min.js,File
popper.min.js,File

filterzr,Folder
jquery.filterizr.min.js,File

jquery,Folder
dist,Folder
jquery.min.js,File


jquery.min.js,File

lightbox2,Folder
dist,Folder
css,Folder
lightbox.min.css,File

images,Folder
close.png,File
loading.gif,File
next.png,File
prev.png,File

js,Folder
lightbox.min.js,File


lightbox.min.css,File

close.png,File
loading.gif,File
next.png,File
prev.png,File

lightbox.min.js,File


css,Folder
lightbox.min.css,File

images,Folder
close.png,File
loading.gif,File
next.png,File
prev.png,File

js,Folder
lightbox.min.js,File


lightbox.min.css,File

close.png,File
loading.gif,File
next.png,File
prev.png,File

lightbox.min.js,File

parallax,Folder
jquery.parallax-1.1.3.js,File

slick-carousel,Folder
slick,Folder
ajax-loader.gif,File
slick-theme.css,File
slick.css,File
slick.min.js,File


ajax-loader.gif,File
slick-theme.css,File
slick.css,File
slick.min.js,File

smooth-scroll,Folder
dist,Folder
js,Folder
smooth-scroll.min.js,File


smooth-scroll.min.js,File


js,Folder
smooth-scroll.min.js,File


smooth-scroll.min.js,File

themefisher-font,Folder
style.css,File
fonts,Folder
themefisher-font.eot,File
themefisher-font.ttf,File
themefisher-font.woff,File


themefisher-font.eot,File
themefisher-font.ttf,File
themefisher-font.woff,File


dist,Folder
css,Folder
bootstrap.min.css,File

js,Folder
bootstrap.min.js,File
popper.min.js,File


bootstrap.min.css,File

bootstrap.min.js,File
popper.min.js,File


css,Folder
bootstrap.min.css,File

js,Folder
bootstrap.min.js,File
popper.min.js,File


bootstrap.min.css,File

bootstrap.min.js,File
popper.min.js,File

jquery.filterizr.min.js,File

dist,Folder
jquery.min.js,File


jquery.min.js,File

dist,Folder
css,Folder
lightbox.min.css,File

images,Folder
close.png,File
loading.gif,File
next.png,File
prev.png,File

js,Folder
lightbox.min.js,File


lightbox.min.css,File

close.png,File
loading.gif,File
next.png,File
prev.png,File

lightbox.min.js,File


css,Folder
lightbox.min.css,File

images,Folder
close.png,File
loading.gif,File
next.png,File
prev.png,File

js,Folder
lightbox.min.js,File


lightbox.min.css,File

close.png,File
loading.gif,File
next.png,File
prev.png,File

lightbox.min.js,File

jquery.parallax-1.1.3.js,File

slick,Folder
ajax-loader.gif,File
slick-theme.css,File
slick.css,File
slick.min.js,File


ajax-loader.gif,File
slick-theme.css,File
slick.css,File
slick.min.js,File

dist,Folder
js,Folder
smooth-scroll.min.js,File


smooth-scroll.min.js,File


js,Folder
smooth-scroll.min.js,File


smooth-scroll.min.js,File

style.css,File
fonts,Folder
themefisher-font.eot,File
themefisher-font.ttf,File
themefisher-font.woff,File


themefisher-font.eot,File
themefisher-font.ttf,File
themefisher-font.woff,File


bootstrap,Folder
dist,Folder
css,Folder
bootstrap.min.css,File

js,Folder
bootstrap.min.js,File
popper.min.js,File


bootstrap.min.css,File

bootstrap.min.js,File
popper.min.js,File


css,Folder
bootstrap.min.css,File

js,Folder
bootstrap.min.js,File
popper.min.js,File


bootstrap.min.css,File

bootstrap.min.js,File
popper.min.js,File

filterzr,Folder
jquery.filterizr.min.js,File

jquery,Folder
dist,Folder
jquery.min.js,File


jquery.min.js,File

lightbox2,Folder
dist,Folder
css,Folder
lightbox.min.css,File

images,Folder
close.png,File
loading.gif,File
next.png,File
prev.png,File

js,Folder
lightbox.min.js,File


lightbox.min.css,File

close.png,File
loading.gif,File
next.png,File
prev.png,File

lightbox.min.js,File


css,Folder
lightbox.min.css,File

images,Folder
close.png,File
loading.gif,File
next.png,File
prev.png,File

js,Folder
lightbox.min.js,File


lightbox.min.css,File

close.png,File
loading.gif,File
next.png,File
prev.png,File

lightbox.min.js,File

parallax,Folder
jquery.parallax-1.1.3.js,File

slick-carousel,Folder
slick,Folder
ajax-loader.gif,File
slick-theme.css,File
slick.css,File
slick.min.js,File


ajax-loader.gif,File
slick-theme.css,File
slick.css,File
slick.min.js,File

smooth-scroll,Folder
dist,Folder
js,Folder
smooth-scroll.min.js,File


smooth-scroll.min.js,File


js,Folder
smooth-scroll.min.js,File


smooth-scroll.min.js,File

themefisher-font,Folder
style.css,File
fonts,Folder
themefisher-font.eot,File
themefisher-font.ttf,File
themefisher-font.woff,File


themefisher-font.eot,File
themefisher-font.ttf,File
themefisher-font.woff,File


dist,Folder
css,Folder
bootstrap.min.css,File

js,Folder
bootstrap.min.js,File
popper.min.js,File


bootstrap.min.css,File

bootstrap.min.js,File
popper.min.js,File


css,Folder
bootstrap.min.css,File

js,Folder
bootstrap.min.js,File
popper.min.js,File


bootstrap.min.css,File

bootstrap.min.js,File
popper.min.js,File

jquery.filterizr.min.js,File

dist,Folder
jquery.min.js,File


jquery.min.js,File

dist,Folder
css,Folder
lightbox.min.css,File

images,Folder
close.png,File
loading.gif,File
next.png,File
prev.png,File

js,Folder
lightbox.min.js,File


lightbox.min.css,File

close.png,File
loading.gif,File
next.png,File
prev.png,File

lightbox.min.js,File


css,Folder
lightbox.min.css,File

images,Folder
close.png,File
loading.gif,File
next.png,File
prev.png,File

js,Folder
lightbox.min.js,File


lightbox.min.css,File

close.png,File
loading.gif,File
next.png,File
prev.png,File

lightbox.min.js,File

jquery.parallax-1.1.3.js,File

slick,Folder
ajax-loader.gif,File
slick-theme.css,File
slick.css,File
slick.min.js,File


ajax-loader.gif,File
slick-theme.css,File
slick.css,File
slick.min.js,File

dist,Folder
js,Folder
smooth-scroll.min.js,File


smooth-scroll.min.js,File


js,Folder
smooth-scroll.min.js,File


smooth-scroll.min.js,File

style.css,File
fonts,Folder
themefisher-font.eot,File
themefisher-font.ttf,File
themefisher-font.woff,File


themefisher-font.eot,File
themefisher-font.ttf,File
themefisher-font.woff,File


default.md,File

css,Folder
style.css,File

js,Folder
script.js,File


style.css,File

script.js,File

.hugo_build.lock,File
config.toml,File
netlify.toml,File
content,Folder
about,Folder
_index.en.md,File
_index.fr.md,File

blog,Folder
are-you-doing-the-right-way.en.md,File
are-you-doing-the-right-way.fr.md,File
blog-photos-on-phone.en.md,File
blog-photos-on-phone.md,File
installation.md,File
something-i-need-to-tell-you.md,File
ten-things-about-business.md,File
the-nourish-box-august.md,File
this-show-has-divided.md,File
why-you-need-a-statement-bag-this-season.md,File
_index.en.md,File
_index.fr.md,File

contact,Folder
_index.en.md,File
_index.fr.md,File

portfolio,Folder
_index.en.md,File
_index.fr.md,File

service,Folder
_index.en.md,File
_index.fr.md,File


_index.en.md,File
_index.fr.md,File

are-you-doing-the-right-way.en.md,File
are-you-doing-the-right-way.fr.md,File
blog-photos-on-phone.en.md,File
blog-photos-on-phone.md,File
installation.md,File
something-i-need-to-tell-you.md,File
ten-things-about-business.md,File
the-nourish-box-august.md,File
this-show-has-divided.md,File
why-you-need-a-statement-bag-this-season.md,File
_index.en.md,File
_index.fr.md,File

_index.en.md,File
_index.fr.md,File

_index.en.md,File
_index.fr.md,File

_index.en.md,File
_index.fr.md,File

data,Folder
en,Folder
about.yml,File
clients.yml,File
feature.yml,File
philosophy.yml,File
portfolio.yml,File
pricing.yml,File
service.yml,File
team.yml,File
testimonial.yml,File
workingprocess.yml,File

fr,Folder
about.yml,File
clients.yml,File
feature.yml,File
philosophy.yml,File
portfolio.yml,File
pricing.yml,File
service.yml,File
team.yml,File
testimonial.yml,File
workingprocess.yml,File


about.yml,File
clients.yml,File
feature.yml,File
philosophy.yml,File
portfolio.yml,File
pricing.yml,File
service.yml,File
team.yml,File
testimonial.yml,File
workingprocess.yml,File

about.yml,File
clients.yml,File
feature.yml,File
philosophy.yml,File
portfolio.yml,File
pricing.yml,File
service.yml,File
team.yml,File
testimonial.yml,File
workingprocess.yml,File

i18n,Folder
en.toml,File
fr.toml,File

static,Folder
images,Folder
favicon.ico,File
favicon.png,File
logo.png,File
marker.png,File
pricing-bg.jpg,File
about,Folder
about-1.jpg,File
about-2.jpg,File
about-2.png,File
about-header.jpg,File
member.jpg,File

blog,Folder
post-1.jpg,File
post-2.jpg,File
post-3.jpg,File

call-to-action,Folder
call-to-action-bg-2.jpg,File
call-to-action-bg.jpg,File

client-logo,Folder
clients-1.jpg,File
clients-2.jpg,File
logo-2.png,File
logo-3.png,File
logo-4.png,File
logo-5.png,File
logo1.png,File

company,Folder
company-image-2.jpg,File
company-image-3.jpg,File
company-image.jpg,File

logos,Folder
lang-de.gif,File
lang-en.gif,File
lang-fr.gif,File
lang-nl.gif,File

portfolio,Folder
portfolio-1.jpg,File
portfolio-2.jpg,File
portfolio-3.jpg,File
portfolio-4.jpg,File
portfolio-5.jpg,File
portfolio-6.jpg,File
portfolio-7.jpg,File
portfolio-8.jpg,File

slider,Folder
video-player-thumb.jpg,File

team,Folder
member-1.jpg,File
member-2.jpg,File
member-3.jpg,File
member-4.jpg,File


about-1.jpg,File
about-2.jpg,File
about-2.png,File
about-header.jpg,File
member.jpg,File

post-1.jpg,File
post-2.jpg,File
post-3.jpg,File

call-to-action-bg-2.jpg,File
call-to-action-bg.jpg,File

clients-1.jpg,File
clients-2.jpg,File
logo-2.png,File
logo-3.png,File
logo-4.png,File
logo-5.png,File
logo1.png,File

company-image-2.jpg,File
company-image-3.jpg,File
company-image.jpg,File

lang-de.gif,File
lang-en.gif,File
lang-fr.gif,File
lang-nl.gif,File

portfolio-1.jpg,File
portfolio-2.jpg,File
portfolio-3.jpg,File
portfolio-4.jpg,File
portfolio-5.jpg,File
portfolio-6.jpg,File
portfolio-7.jpg,File
portfolio-8.jpg,File

video-player-thumb.jpg,File

member-1.jpg,File
member-2.jpg,File
member-3.jpg,File
member-4.jpg,File


favicon.ico,File
favicon.png,File
logo.png,File
marker.png,File
pricing-bg.jpg,File
about,Folder
about-1.jpg,File
about-2.jpg,File
about-2.png,File
about-header.jpg,File
member.jpg,File

blog,Folder
post-1.jpg,File
post-2.jpg,File
post-3.jpg,File

call-to-action,Folder
call-to-action-bg-2.jpg,File
call-to-action-bg.jpg,File

client-logo,Folder
clients-1.jpg,File
clients-2.jpg,File
logo-2.png,File
logo-3.png,File
logo-4.png,File
logo-5.png,File
logo1.png,File

company,Folder
company-image-2.jpg,File
company-image-3.jpg,File
company-image.jpg,File

logos,Folder
lang-de.gif,File
lang-en.gif,File
lang-fr.gif,File
lang-nl.gif,File

portfolio,Folder
portfolio-1.jpg,File
portfolio-2.jpg,File
portfolio-3.jpg,File
portfolio-4.jpg,File
portfolio-5.jpg,File
portfolio-6.jpg,File
portfolio-7.jpg,File
portfolio-8.jpg,File

slider,Folder
video-player-thumb.jpg,File

team,Folder
member-1.jpg,File
member-2.jpg,File
member-3.jpg,File
member-4.jpg,File


about-1.jpg,File
about-2.jpg,File
about-2.png,File
about-header.jpg,File
member.jpg,File

post-1.jpg,File
post-2.jpg,File
post-3.jpg,File

call-to-action-bg-2.jpg,File
call-to-action-bg.jpg,File

clients-1.jpg,File
clients-2.jpg,File
logo-2.png,File
logo-3.png,File
logo-4.png,File
logo-5.png,File
logo1.png,File

company-image-2.jpg,File
company-image-3.jpg,File
company-image.jpg,File

lang-de.gif,File
lang-en.gif,File
lang-fr.gif,File
lang-nl.gif,File

portfolio-1.jpg,File
portfolio-2.jpg,File
portfolio-3.jpg,File
portfolio-4.jpg,File
portfolio-5.jpg,File
portfolio-6.jpg,File
portfolio-7.jpg,File
portfolio-8.jpg,File

video-player-thumb.jpg,File

member-1.jpg,File
member-2.jpg,File
member-3.jpg,File
member-4.jpg,File


about,Folder
_index.en.md,File
_index.fr.md,File

blog,Folder
are-you-doing-the-right-way.en.md,File
are-you-doing-the-right-way.fr.md,File
blog-photos-on-phone.en.md,File
blog-photos-on-phone.md,File
installation.md,File
something-i-need-to-tell-you.md,File
ten-things-about-business.md,File
the-nourish-box-august.md,File
this-show-has-divided.md,File
why-you-need-a-statement-bag-this-season.md,File
_index.en.md,File
_index.fr.md,File

contact,Folder
_index.en.md,File
_index.fr.md,File

portfolio,Folder
_index.en.md,File
_index.fr.md,File

service,Folder
_index.en.md,File
_index.fr.md,File


_index.en.md,File
_index.fr.md,File

are-you-doing-the-right-way.en.md,File
are-you-doing-the-right-way.fr.md,File
blog-photos-on-phone.en.md,File
blog-photos-on-phone.md,File
installation.md,File
something-i-need-to-tell-you.md,File
ten-things-about-business.md,File
the-nourish-box-august.md,File
this-show-has-divided.md,File
why-you-need-a-statement-bag-this-season.md,File
_index.en.md,File
_index.fr.md,File

_index.en.md,File
_index.fr.md,File

_index.en.md,File
_index.fr.md,File

_index.en.md,File
_index.fr.md,File

en,Folder
about.yml,File
clients.yml,File
feature.yml,File
philosophy.yml,File
portfolio.yml,File
pricing.yml,File
service.yml,File
team.yml,File
testimonial.yml,File
workingprocess.yml,File

fr,Folder
about.yml,File
clients.yml,File
feature.yml,File
philosophy.yml,File
portfolio.yml,File
pricing.yml,File
service.yml,File
team.yml,File
testimonial.yml,File
workingprocess.yml,File


about.yml,File
clients.yml,File
feature.yml,File
philosophy.yml,File
portfolio.yml,File
pricing.yml,File
service.yml,File
team.yml,File
testimonial.yml,File
workingprocess.yml,File

about.yml,File
clients.yml,File
feature.yml,File
philosophy.yml,File
portfolio.yml,File
pricing.yml,File
service.yml,File
team.yml,File
testimonial.yml,File
workingprocess.yml,File

en.toml,File
fr.toml,File

images,Folder
favicon.ico,File
favicon.png,File
logo.png,File
marker.png,File
pricing-bg.jpg,File
about,Folder
about-1.jpg,File
about-2.jpg,File
about-2.png,File
about-header.jpg,File
member.jpg,File

blog,Folder
post-1.jpg,File
post-2.jpg,File
post-3.jpg,File

call-to-action,Folder
call-to-action-bg-2.jpg,File
call-to-action-bg.jpg,File

client-logo,Folder
clients-1.jpg,File
clients-2.jpg,File
logo-2.png,File
logo-3.png,File
logo-4.png,File
logo-5.png,File
logo1.png,File

company,Folder
company-image-2.jpg,File
company-image-3.jpg,File
company-image.jpg,File

logos,Folder
lang-de.gif,File
lang-en.gif,File
lang-fr.gif,File
lang-nl.gif,File

portfolio,Folder
portfolio-1.jpg,File
portfolio-2.jpg,File
portfolio-3.jpg,File
portfolio-4.jpg,File
portfolio-5.jpg,File
portfolio-6.jpg,File
portfolio-7.jpg,File
portfolio-8.jpg,File

slider,Folder
video-player-thumb.jpg,File

team,Folder
member-1.jpg,File
member-2.jpg,File
member-3.jpg,File
member-4.jpg,File


about-1.jpg,File
about-2.jpg,File
about-2.png,File
about-header.jpg,File
member.jpg,File

post-1.jpg,File
post-2.jpg,File
post-3.jpg,File

call-to-action-bg-2.jpg,File
call-to-action-bg.jpg,File

clients-1.jpg,File
clients-2.jpg,File
logo-2.png,File
logo-3.png,File
logo-4.png,File
logo-5.png,File
logo1.png,File

company-image-2.jpg,File
company-image-3.jpg,File
company-image.jpg,File

lang-de.gif,File
lang-en.gif,File
lang-fr.gif,File
lang-nl.gif,File

portfolio-1.jpg,File
portfolio-2.jpg,File
portfolio-3.jpg,File
portfolio-4.jpg,File
portfolio-5.jpg,File
portfolio-6.jpg,File
portfolio-7.jpg,File
portfolio-8.jpg,File

video-player-thumb.jpg,File

member-1.jpg,File
member-2.jpg,File
member-3.jpg,File
member-4.jpg,File


favicon.ico,File
favicon.png,File
logo.png,File
marker.png,File
pricing-bg.jpg,File
about,Folder
about-1.jpg,File
about-2.jpg,File
about-2.png,File
about-header.jpg,File
member.jpg,File

blog,Folder
post-1.jpg,File
post-2.jpg,File
post-3.jpg,File

call-to-action,Folder
call-to-action-bg-2.jpg,File
call-to-action-bg.jpg,File

client-logo,Folder
clients-1.jpg,File
clients-2.jpg,File
logo-2.png,File
logo-3.png,File
logo-4.png,File
logo-5.png,File
logo1.png,File

company,Folder
company-image-2.jpg,File
company-image-3.jpg,File
company-image.jpg,File

logos,Folder
lang-de.gif,File
lang-en.gif,File
lang-fr.gif,File
lang-nl.gif,File

portfolio,Folder
portfolio-1.jpg,File
portfolio-2.jpg,File
portfolio-3.jpg,File
portfolio-4.jpg,File
portfolio-5.jpg,File
portfolio-6.jpg,File
portfolio-7.jpg,File
portfolio-8.jpg,File

slider,Folder
video-player-thumb.jpg,File

team,Folder
member-1.jpg,File
member-2.jpg,File
member-3.jpg,File
member-4.jpg,File


about-1.jpg,File
about-2.jpg,File
about-2.png,File
about-header.jpg,File
member.jpg,File

post-1.jpg,File
post-2.jpg,File
post-3.jpg,File

call-to-action-bg-2.jpg,File
call-to-action-bg.jpg,File

clients-1.jpg,File
clients-2.jpg,File
logo-2.png,File
logo-3.png,File
logo-4.png,File
logo-5.png,File
logo1.png,File

company-image-2.jpg,File
company-image-3.jpg,File
company-image.jpg,File

lang-de.gif,File
lang-en.gif,File
lang-fr.gif,File
lang-nl.gif,File

portfolio-1.jpg,File
portfolio-2.jpg,File
portfolio-3.jpg,File
portfolio-4.jpg,File
portfolio-5.jpg,File
portfolio-6.jpg,File
portfolio-7.jpg,File
portfolio-8.jpg,File

video-player-thumb.jpg,File

member-1.jpg,File
member-2.jpg,File
member-3.jpg,File
member-4.jpg,File

screenshot.png,File
tn.png,File

404.html,File
index.html,File
about,Folder
list.html,File

contact,Folder
list.html,File

partials,Folder
about-sm.html,File
about.html,File
blog.html,File
clients.html,File
contact.html,File
cta.html,File
feature.html,File
flags.html,File
footer.html,File
head.html,File
header.html,File
hero.html,File
page-title.html,File
philosophy.html,File
portfolio.html,File
preloader.html,File
pricing.html,File
service.html,File
team.html,File
testimonial.html,File
workingprocess.html,File

portfolio,Folder
list.html,File

service,Folder
list.html,File

_default,Folder
baseof.html,File
list.html,File
single.html,File


list.html,File

list.html,File

about-sm.html,File
about.html,File
blog.html,File
clients.html,File
contact.html,File
cta.html,File
feature.html,File
flags.html,File
footer.html,File
head.html,File
header.html,File
hero.html,File
page-title.html,File
philosophy.html,File
portfolio.html,File
preloader.html,File
pricing.html,File
service.html,File
team.html,File
testimonial.html,File
workingprocess.html,File

list.html,File

list.html,File

baseof.html,File
list.html,File
single.html,File

plugins,Folder
bootstrap,Folder
dist,Folder
css,Folder
bootstrap.min.css,File

js,Folder
bootstrap.min.js,File
popper.min.js,File


bootstrap.min.css,File

bootstrap.min.js,File
popper.min.js,File


css,Folder
bootstrap.min.css,File

js,Folder
bootstrap.min.js,File
popper.min.js,File


bootstrap.min.css,File

bootstrap.min.js,File
popper.min.js,File

filterzr,Folder
jquery.filterizr.min.js,File

jquery,Folder
dist,Folder
jquery.min.js,File


jquery.min.js,File

lightbox2,Folder
dist,Folder
css,Folder
lightbox.min.css,File

images,Folder
close.png,File
loading.gif,File
next.png,File
prev.png,File

js,Folder
lightbox.min.js,File


lightbox.min.css,File

close.png,File
loading.gif,File
next.png,File
prev.png,File

lightbox.min.js,File


css,Folder
lightbox.min.css,File

images,Folder
close.png,File
loading.gif,File
next.png,File
prev.png,File

js,Folder
lightbox.min.js,File


lightbox.min.css,File

close.png,File
loading.gif,File
next.png,File
prev.png,File

lightbox.min.js,File

parallax,Folder
jquery.parallax-1.1.3.js,File

slick-carousel,Folder
slick,Folder
ajax-loader.gif,File
slick-theme.css,File
slick.css,File
slick.min.js,File


ajax-loader.gif,File
slick-theme.css,File
slick.css,File
slick.min.js,File

smooth-scroll,Folder
dist,Folder
js,Folder
smooth-scroll.min.js,File


smooth-scroll.min.js,File


js,Folder
smooth-scroll.min.js,File


smooth-scroll.min.js,File

themefisher-font,Folder
style.css,File
fonts,Folder
themefisher-font.eot,File
themefisher-font.ttf,File
themefisher-font.woff,File


themefisher-font.eot,File
themefisher-font.ttf,File
themefisher-font.woff,File


dist,Folder
css,Folder
bootstrap.min.css,File

js,Folder
bootstrap.min.js,File
popper.min.js,File


bootstrap.min.css,File

bootstrap.min.js,File
popper.min.js,File


css,Folder
bootstrap.min.css,File

js,Folder
bootstrap.min.js,File
popper.min.js,File


bootstrap.min.css,File

bootstrap.min.js,File
popper.min.js,File

jquery.filterizr.min.js,File

dist,Folder
jquery.min.js,File


jquery.min.js,File

dist,Folder
css,Folder
lightbox.min.css,File

images,Folder
close.png,File
loading.gif,File
next.png,File
prev.png,File

js,Folder
lightbox.min.js,File


lightbox.min.css,File

close.png,File
loading.gif,File
next.png,File
prev.png,File

lightbox.min.js,File


css,Folder
lightbox.min.css,File

images,Folder
close.png,File
loading.gif,File
next.png,File
prev.png,File

js,Folder
lightbox.min.js,File


lightbox.min.css,File

close.png,File
loading.gif,File
next.png,File
prev.png,File

lightbox.min.js,File

jquery.parallax-1.1.3.js,File

slick,Folder
ajax-loader.gif,File
slick-theme.css,File
slick.css,File
slick.min.js,File


ajax-loader.gif,File
slick-theme.css,File
slick.css,File
slick.min.js,File

dist,Folder
js,Folder
smooth-scroll.min.js,File


smooth-scroll.min.js,File


js,Folder
smooth-scroll.min.js,File


smooth-scroll.min.js,File

style.css,File
fonts,Folder
themefisher-font.eot,File
themefisher-font.ttf,File
themefisher-font.woff,File


themefisher-font.eot,File
themefisher-font.ttf,File
themefisher-font.woff,File


bootstrap,Folder
dist,Folder
css,Folder
bootstrap.min.css,File

js,Folder
bootstrap.min.js,File
popper.min.js,File


bootstrap.min.css,File

bootstrap.min.js,File
popper.min.js,File


css,Folder
bootstrap.min.css,File

js,Folder
bootstrap.min.js,File
popper.min.js,File


bootstrap.min.css,File

bootstrap.min.js,File
popper.min.js,File

filterzr,Folder
jquery.filterizr.min.js,File

jquery,Folder
dist,Folder
jquery.min.js,File


jquery.min.js,File

lightbox2,Folder
dist,Folder
css,Folder
lightbox.min.css,File

images,Folder
close.png,File
loading.gif,File
next.png,File
prev.png,File

js,Folder
lightbox.min.js,File


lightbox.min.css,File

close.png,File
loading.gif,File
next.png,File
prev.png,File

lightbox.min.js,File


css,Folder
lightbox.min.css,File

images,Folder
close.png,File
loading.gif,File
next.png,File
prev.png,File

js,Folder
lightbox.min.js,File


lightbox.min.css,File

close.png,File
loading.gif,File
next.png,File
prev.png,File

lightbox.min.js,File

parallax,Folder
jquery.parallax-1.1.3.js,File

slick-carousel,Folder
slick,Folder
ajax-loader.gif,File
slick-theme.css,File
slick.css,File
slick.min.js,File


ajax-loader.gif,File
slick-theme.css,File
slick.css,File
slick.min.js,File

smooth-scroll,Folder
dist,Folder
js,Folder
smooth-scroll.min.js,File


smooth-scroll.min.js,File


js,Folder
smooth-scroll.min.js,File


smooth-scroll.min.js,File

themefisher-font,Folder
style.css,File
fonts,Folder
themefisher-font.eot,File
themefisher-font.ttf,File
themefisher-font.woff,File


themefisher-font.eot,File
themefisher-font.ttf,File
themefisher-font.woff,File


dist,Folder
css,Folder
bootstrap.min.css,File

js,Folder
bootstrap.min.js,File
popper.min.js,File


bootstrap.min.css,File

bootstrap.min.js,File
popper.min.js,File


css,Folder
bootstrap.min.css,File

js,Folder
bootstrap.min.js,File
popper.min.js,File


bootstrap.min.css,File

bootstrap.min.js,File
popper.min.js,File

jquery.filterizr.min.js,File

dist,Folder
jquery.min.js,File


jquery.min.js,File

dist,Folder
css,Folder
lightbox.min.css,File

images,Folder
close.png,File
loading.gif,File
next.png,File
prev.png,File

js,Folder
lightbox.min.js,File


lightbox.min.css,File

close.png,File
loading.gif,File
next.png,File
prev.png,File

lightbox.min.js,File


css,Folder
lightbox.min.css,File

images,Folder
close.png,File
loading.gif,File
next.png,File
prev.png,File

js,Folder
lightbox.min.js,File


lightbox.min.css,File

close.png,File
loading.gif,File
next.png,File
prev.png,File

lightbox.min.js,File

jquery.parallax-1.1.3.js,File

slick,Folder
ajax-loader.gif,File
slick-theme.css,File
slick.css,File
slick.min.js,File


ajax-loader.gif,File
slick-theme.css,File
slick.css,File
slick.min.js,File

dist,Folder
js,Folder
smooth-scroll.min.js,File


smooth-scroll.min.js,File


js,Folder
smooth-scroll.min.js,File


smooth-scroll.min.js,File

style.css,File
fonts,Folder
themefisher-font.eot,File
themefisher-font.ttf,File
themefisher-font.woff,File


themefisher-font.eot,File
themefisher-font.ttf,File
themefisher-font.woff,File

